"","x"
"1","INM.CM5.0_pr_01_reference_ensembleMean_1961_1990"
"2","INM.CM5.0_pr_02_reference_ensembleMean_1961_1990"
"3","INM.CM5.0_pr_03_reference_ensembleMean_1961_1990"
"4","INM.CM5.0_pr_04_reference_ensembleMean_1961_1990"
"5","INM.CM5.0_pr_05_reference_ensembleMean_1961_1990"
"6","INM.CM5.0_pr_06_reference_ensembleMean_1961_1990"
"7","INM.CM5.0_pr_07_reference_ensembleMean_1961_1990"
"8","INM.CM5.0_pr_08_reference_ensembleMean_1961_1990"
"9","INM.CM5.0_pr_09_reference_ensembleMean_1961_1990"
"10","INM.CM5.0_pr_10_reference_ensembleMean_1961_1990"
"11","INM.CM5.0_pr_11_reference_ensembleMean_1961_1990"
"12","INM.CM5.0_pr_12_reference_ensembleMean_1961_1990"
"13","INM.CM5.0_pr_01_ssp126_ensembleMean_2001_2020"
"14","INM.CM5.0_pr_02_ssp126_ensembleMean_2001_2020"
"15","INM.CM5.0_pr_03_ssp126_ensembleMean_2001_2020"
"16","INM.CM5.0_pr_04_ssp126_ensembleMean_2001_2020"
"17","INM.CM5.0_pr_05_ssp126_ensembleMean_2001_2020"
"18","INM.CM5.0_pr_06_ssp126_ensembleMean_2001_2020"
"19","INM.CM5.0_pr_07_ssp126_ensembleMean_2001_2020"
"20","INM.CM5.0_pr_08_ssp126_ensembleMean_2001_2020"
"21","INM.CM5.0_pr_09_ssp126_ensembleMean_2001_2020"
"22","INM.CM5.0_pr_10_ssp126_ensembleMean_2001_2020"
"23","INM.CM5.0_pr_11_ssp126_ensembleMean_2001_2020"
"24","INM.CM5.0_pr_12_ssp126_ensembleMean_2001_2020"
"25","INM.CM5.0_pr_01_ssp126_r1i1p1f1_2001_2020"
"26","INM.CM5.0_pr_02_ssp126_r1i1p1f1_2001_2020"
"27","INM.CM5.0_pr_03_ssp126_r1i1p1f1_2001_2020"
"28","INM.CM5.0_pr_04_ssp126_r1i1p1f1_2001_2020"
"29","INM.CM5.0_pr_05_ssp126_r1i1p1f1_2001_2020"
"30","INM.CM5.0_pr_06_ssp126_r1i1p1f1_2001_2020"
"31","INM.CM5.0_pr_07_ssp126_r1i1p1f1_2001_2020"
"32","INM.CM5.0_pr_08_ssp126_r1i1p1f1_2001_2020"
"33","INM.CM5.0_pr_09_ssp126_r1i1p1f1_2001_2020"
"34","INM.CM5.0_pr_10_ssp126_r1i1p1f1_2001_2020"
"35","INM.CM5.0_pr_11_ssp126_r1i1p1f1_2001_2020"
"36","INM.CM5.0_pr_12_ssp126_r1i1p1f1_2001_2020"
"37","INM.CM5.0_pr_01_ssp126_ensembleMean_2021_2040"
"38","INM.CM5.0_pr_02_ssp126_ensembleMean_2021_2040"
"39","INM.CM5.0_pr_03_ssp126_ensembleMean_2021_2040"
"40","INM.CM5.0_pr_04_ssp126_ensembleMean_2021_2040"
"41","INM.CM5.0_pr_05_ssp126_ensembleMean_2021_2040"
"42","INM.CM5.0_pr_06_ssp126_ensembleMean_2021_2040"
"43","INM.CM5.0_pr_07_ssp126_ensembleMean_2021_2040"
"44","INM.CM5.0_pr_08_ssp126_ensembleMean_2021_2040"
"45","INM.CM5.0_pr_09_ssp126_ensembleMean_2021_2040"
"46","INM.CM5.0_pr_10_ssp126_ensembleMean_2021_2040"
"47","INM.CM5.0_pr_11_ssp126_ensembleMean_2021_2040"
"48","INM.CM5.0_pr_12_ssp126_ensembleMean_2021_2040"
"49","INM.CM5.0_pr_01_ssp126_r1i1p1f1_2021_2040"
"50","INM.CM5.0_pr_02_ssp126_r1i1p1f1_2021_2040"
"51","INM.CM5.0_pr_03_ssp126_r1i1p1f1_2021_2040"
"52","INM.CM5.0_pr_04_ssp126_r1i1p1f1_2021_2040"
"53","INM.CM5.0_pr_05_ssp126_r1i1p1f1_2021_2040"
"54","INM.CM5.0_pr_06_ssp126_r1i1p1f1_2021_2040"
"55","INM.CM5.0_pr_07_ssp126_r1i1p1f1_2021_2040"
"56","INM.CM5.0_pr_08_ssp126_r1i1p1f1_2021_2040"
"57","INM.CM5.0_pr_09_ssp126_r1i1p1f1_2021_2040"
"58","INM.CM5.0_pr_10_ssp126_r1i1p1f1_2021_2040"
"59","INM.CM5.0_pr_11_ssp126_r1i1p1f1_2021_2040"
"60","INM.CM5.0_pr_12_ssp126_r1i1p1f1_2021_2040"
"61","INM.CM5.0_pr_01_ssp126_ensembleMean_2041_2060"
"62","INM.CM5.0_pr_02_ssp126_ensembleMean_2041_2060"
"63","INM.CM5.0_pr_03_ssp126_ensembleMean_2041_2060"
"64","INM.CM5.0_pr_04_ssp126_ensembleMean_2041_2060"
"65","INM.CM5.0_pr_05_ssp126_ensembleMean_2041_2060"
"66","INM.CM5.0_pr_06_ssp126_ensembleMean_2041_2060"
"67","INM.CM5.0_pr_07_ssp126_ensembleMean_2041_2060"
"68","INM.CM5.0_pr_08_ssp126_ensembleMean_2041_2060"
"69","INM.CM5.0_pr_09_ssp126_ensembleMean_2041_2060"
"70","INM.CM5.0_pr_10_ssp126_ensembleMean_2041_2060"
"71","INM.CM5.0_pr_11_ssp126_ensembleMean_2041_2060"
"72","INM.CM5.0_pr_12_ssp126_ensembleMean_2041_2060"
"73","INM.CM5.0_pr_01_ssp126_r1i1p1f1_2041_2060"
"74","INM.CM5.0_pr_02_ssp126_r1i1p1f1_2041_2060"
"75","INM.CM5.0_pr_03_ssp126_r1i1p1f1_2041_2060"
"76","INM.CM5.0_pr_04_ssp126_r1i1p1f1_2041_2060"
"77","INM.CM5.0_pr_05_ssp126_r1i1p1f1_2041_2060"
"78","INM.CM5.0_pr_06_ssp126_r1i1p1f1_2041_2060"
"79","INM.CM5.0_pr_07_ssp126_r1i1p1f1_2041_2060"
"80","INM.CM5.0_pr_08_ssp126_r1i1p1f1_2041_2060"
"81","INM.CM5.0_pr_09_ssp126_r1i1p1f1_2041_2060"
"82","INM.CM5.0_pr_10_ssp126_r1i1p1f1_2041_2060"
"83","INM.CM5.0_pr_11_ssp126_r1i1p1f1_2041_2060"
"84","INM.CM5.0_pr_12_ssp126_r1i1p1f1_2041_2060"
"85","INM.CM5.0_pr_01_ssp126_ensembleMean_2061_2080"
"86","INM.CM5.0_pr_02_ssp126_ensembleMean_2061_2080"
"87","INM.CM5.0_pr_03_ssp126_ensembleMean_2061_2080"
"88","INM.CM5.0_pr_04_ssp126_ensembleMean_2061_2080"
"89","INM.CM5.0_pr_05_ssp126_ensembleMean_2061_2080"
"90","INM.CM5.0_pr_06_ssp126_ensembleMean_2061_2080"
"91","INM.CM5.0_pr_07_ssp126_ensembleMean_2061_2080"
"92","INM.CM5.0_pr_08_ssp126_ensembleMean_2061_2080"
"93","INM.CM5.0_pr_09_ssp126_ensembleMean_2061_2080"
"94","INM.CM5.0_pr_10_ssp126_ensembleMean_2061_2080"
"95","INM.CM5.0_pr_11_ssp126_ensembleMean_2061_2080"
"96","INM.CM5.0_pr_12_ssp126_ensembleMean_2061_2080"
"97","INM.CM5.0_pr_01_ssp126_r1i1p1f1_2061_2080"
"98","INM.CM5.0_pr_02_ssp126_r1i1p1f1_2061_2080"
"99","INM.CM5.0_pr_03_ssp126_r1i1p1f1_2061_2080"
"100","INM.CM5.0_pr_04_ssp126_r1i1p1f1_2061_2080"
"101","INM.CM5.0_pr_05_ssp126_r1i1p1f1_2061_2080"
"102","INM.CM5.0_pr_06_ssp126_r1i1p1f1_2061_2080"
"103","INM.CM5.0_pr_07_ssp126_r1i1p1f1_2061_2080"
"104","INM.CM5.0_pr_08_ssp126_r1i1p1f1_2061_2080"
"105","INM.CM5.0_pr_09_ssp126_r1i1p1f1_2061_2080"
"106","INM.CM5.0_pr_10_ssp126_r1i1p1f1_2061_2080"
"107","INM.CM5.0_pr_11_ssp126_r1i1p1f1_2061_2080"
"108","INM.CM5.0_pr_12_ssp126_r1i1p1f1_2061_2080"
"109","INM.CM5.0_pr_01_ssp126_ensembleMean_2081_2100"
"110","INM.CM5.0_pr_02_ssp126_ensembleMean_2081_2100"
"111","INM.CM5.0_pr_03_ssp126_ensembleMean_2081_2100"
"112","INM.CM5.0_pr_04_ssp126_ensembleMean_2081_2100"
"113","INM.CM5.0_pr_05_ssp126_ensembleMean_2081_2100"
"114","INM.CM5.0_pr_06_ssp126_ensembleMean_2081_2100"
"115","INM.CM5.0_pr_07_ssp126_ensembleMean_2081_2100"
"116","INM.CM5.0_pr_08_ssp126_ensembleMean_2081_2100"
"117","INM.CM5.0_pr_09_ssp126_ensembleMean_2081_2100"
"118","INM.CM5.0_pr_10_ssp126_ensembleMean_2081_2100"
"119","INM.CM5.0_pr_11_ssp126_ensembleMean_2081_2100"
"120","INM.CM5.0_pr_12_ssp126_ensembleMean_2081_2100"
"121","INM.CM5.0_pr_01_ssp126_r1i1p1f1_2081_2100"
"122","INM.CM5.0_pr_02_ssp126_r1i1p1f1_2081_2100"
"123","INM.CM5.0_pr_03_ssp126_r1i1p1f1_2081_2100"
"124","INM.CM5.0_pr_04_ssp126_r1i1p1f1_2081_2100"
"125","INM.CM5.0_pr_05_ssp126_r1i1p1f1_2081_2100"
"126","INM.CM5.0_pr_06_ssp126_r1i1p1f1_2081_2100"
"127","INM.CM5.0_pr_07_ssp126_r1i1p1f1_2081_2100"
"128","INM.CM5.0_pr_08_ssp126_r1i1p1f1_2081_2100"
"129","INM.CM5.0_pr_09_ssp126_r1i1p1f1_2081_2100"
"130","INM.CM5.0_pr_10_ssp126_r1i1p1f1_2081_2100"
"131","INM.CM5.0_pr_11_ssp126_r1i1p1f1_2081_2100"
"132","INM.CM5.0_pr_12_ssp126_r1i1p1f1_2081_2100"
"133","INM.CM5.0_pr_01_ssp245_ensembleMean_2001_2020"
"134","INM.CM5.0_pr_02_ssp245_ensembleMean_2001_2020"
"135","INM.CM5.0_pr_03_ssp245_ensembleMean_2001_2020"
"136","INM.CM5.0_pr_04_ssp245_ensembleMean_2001_2020"
"137","INM.CM5.0_pr_05_ssp245_ensembleMean_2001_2020"
"138","INM.CM5.0_pr_06_ssp245_ensembleMean_2001_2020"
"139","INM.CM5.0_pr_07_ssp245_ensembleMean_2001_2020"
"140","INM.CM5.0_pr_08_ssp245_ensembleMean_2001_2020"
"141","INM.CM5.0_pr_09_ssp245_ensembleMean_2001_2020"
"142","INM.CM5.0_pr_10_ssp245_ensembleMean_2001_2020"
"143","INM.CM5.0_pr_11_ssp245_ensembleMean_2001_2020"
"144","INM.CM5.0_pr_12_ssp245_ensembleMean_2001_2020"
"145","INM.CM5.0_pr_01_ssp245_r1i1p1f1_2001_2020"
"146","INM.CM5.0_pr_02_ssp245_r1i1p1f1_2001_2020"
"147","INM.CM5.0_pr_03_ssp245_r1i1p1f1_2001_2020"
"148","INM.CM5.0_pr_04_ssp245_r1i1p1f1_2001_2020"
"149","INM.CM5.0_pr_05_ssp245_r1i1p1f1_2001_2020"
"150","INM.CM5.0_pr_06_ssp245_r1i1p1f1_2001_2020"
"151","INM.CM5.0_pr_07_ssp245_r1i1p1f1_2001_2020"
"152","INM.CM5.0_pr_08_ssp245_r1i1p1f1_2001_2020"
"153","INM.CM5.0_pr_09_ssp245_r1i1p1f1_2001_2020"
"154","INM.CM5.0_pr_10_ssp245_r1i1p1f1_2001_2020"
"155","INM.CM5.0_pr_11_ssp245_r1i1p1f1_2001_2020"
"156","INM.CM5.0_pr_12_ssp245_r1i1p1f1_2001_2020"
"157","INM.CM5.0_pr_01_ssp245_ensembleMean_2021_2040"
"158","INM.CM5.0_pr_02_ssp245_ensembleMean_2021_2040"
"159","INM.CM5.0_pr_03_ssp245_ensembleMean_2021_2040"
"160","INM.CM5.0_pr_04_ssp245_ensembleMean_2021_2040"
"161","INM.CM5.0_pr_05_ssp245_ensembleMean_2021_2040"
"162","INM.CM5.0_pr_06_ssp245_ensembleMean_2021_2040"
"163","INM.CM5.0_pr_07_ssp245_ensembleMean_2021_2040"
"164","INM.CM5.0_pr_08_ssp245_ensembleMean_2021_2040"
"165","INM.CM5.0_pr_09_ssp245_ensembleMean_2021_2040"
"166","INM.CM5.0_pr_10_ssp245_ensembleMean_2021_2040"
"167","INM.CM5.0_pr_11_ssp245_ensembleMean_2021_2040"
"168","INM.CM5.0_pr_12_ssp245_ensembleMean_2021_2040"
"169","INM.CM5.0_pr_01_ssp245_r1i1p1f1_2021_2040"
"170","INM.CM5.0_pr_02_ssp245_r1i1p1f1_2021_2040"
"171","INM.CM5.0_pr_03_ssp245_r1i1p1f1_2021_2040"
"172","INM.CM5.0_pr_04_ssp245_r1i1p1f1_2021_2040"
"173","INM.CM5.0_pr_05_ssp245_r1i1p1f1_2021_2040"
"174","INM.CM5.0_pr_06_ssp245_r1i1p1f1_2021_2040"
"175","INM.CM5.0_pr_07_ssp245_r1i1p1f1_2021_2040"
"176","INM.CM5.0_pr_08_ssp245_r1i1p1f1_2021_2040"
"177","INM.CM5.0_pr_09_ssp245_r1i1p1f1_2021_2040"
"178","INM.CM5.0_pr_10_ssp245_r1i1p1f1_2021_2040"
"179","INM.CM5.0_pr_11_ssp245_r1i1p1f1_2021_2040"
"180","INM.CM5.0_pr_12_ssp245_r1i1p1f1_2021_2040"
"181","INM.CM5.0_pr_01_ssp245_ensembleMean_2041_2060"
"182","INM.CM5.0_pr_02_ssp245_ensembleMean_2041_2060"
"183","INM.CM5.0_pr_03_ssp245_ensembleMean_2041_2060"
"184","INM.CM5.0_pr_04_ssp245_ensembleMean_2041_2060"
"185","INM.CM5.0_pr_05_ssp245_ensembleMean_2041_2060"
"186","INM.CM5.0_pr_06_ssp245_ensembleMean_2041_2060"
"187","INM.CM5.0_pr_07_ssp245_ensembleMean_2041_2060"
"188","INM.CM5.0_pr_08_ssp245_ensembleMean_2041_2060"
"189","INM.CM5.0_pr_09_ssp245_ensembleMean_2041_2060"
"190","INM.CM5.0_pr_10_ssp245_ensembleMean_2041_2060"
"191","INM.CM5.0_pr_11_ssp245_ensembleMean_2041_2060"
"192","INM.CM5.0_pr_12_ssp245_ensembleMean_2041_2060"
"193","INM.CM5.0_pr_01_ssp245_r1i1p1f1_2041_2060"
"194","INM.CM5.0_pr_02_ssp245_r1i1p1f1_2041_2060"
"195","INM.CM5.0_pr_03_ssp245_r1i1p1f1_2041_2060"
"196","INM.CM5.0_pr_04_ssp245_r1i1p1f1_2041_2060"
"197","INM.CM5.0_pr_05_ssp245_r1i1p1f1_2041_2060"
"198","INM.CM5.0_pr_06_ssp245_r1i1p1f1_2041_2060"
"199","INM.CM5.0_pr_07_ssp245_r1i1p1f1_2041_2060"
"200","INM.CM5.0_pr_08_ssp245_r1i1p1f1_2041_2060"
"201","INM.CM5.0_pr_09_ssp245_r1i1p1f1_2041_2060"
"202","INM.CM5.0_pr_10_ssp245_r1i1p1f1_2041_2060"
"203","INM.CM5.0_pr_11_ssp245_r1i1p1f1_2041_2060"
"204","INM.CM5.0_pr_12_ssp245_r1i1p1f1_2041_2060"
"205","INM.CM5.0_pr_01_ssp245_ensembleMean_2061_2080"
"206","INM.CM5.0_pr_02_ssp245_ensembleMean_2061_2080"
"207","INM.CM5.0_pr_03_ssp245_ensembleMean_2061_2080"
"208","INM.CM5.0_pr_04_ssp245_ensembleMean_2061_2080"
"209","INM.CM5.0_pr_05_ssp245_ensembleMean_2061_2080"
"210","INM.CM5.0_pr_06_ssp245_ensembleMean_2061_2080"
"211","INM.CM5.0_pr_07_ssp245_ensembleMean_2061_2080"
"212","INM.CM5.0_pr_08_ssp245_ensembleMean_2061_2080"
"213","INM.CM5.0_pr_09_ssp245_ensembleMean_2061_2080"
"214","INM.CM5.0_pr_10_ssp245_ensembleMean_2061_2080"
"215","INM.CM5.0_pr_11_ssp245_ensembleMean_2061_2080"
"216","INM.CM5.0_pr_12_ssp245_ensembleMean_2061_2080"
"217","INM.CM5.0_pr_01_ssp245_r1i1p1f1_2061_2080"
"218","INM.CM5.0_pr_02_ssp245_r1i1p1f1_2061_2080"
"219","INM.CM5.0_pr_03_ssp245_r1i1p1f1_2061_2080"
"220","INM.CM5.0_pr_04_ssp245_r1i1p1f1_2061_2080"
"221","INM.CM5.0_pr_05_ssp245_r1i1p1f1_2061_2080"
"222","INM.CM5.0_pr_06_ssp245_r1i1p1f1_2061_2080"
"223","INM.CM5.0_pr_07_ssp245_r1i1p1f1_2061_2080"
"224","INM.CM5.0_pr_08_ssp245_r1i1p1f1_2061_2080"
"225","INM.CM5.0_pr_09_ssp245_r1i1p1f1_2061_2080"
"226","INM.CM5.0_pr_10_ssp245_r1i1p1f1_2061_2080"
"227","INM.CM5.0_pr_11_ssp245_r1i1p1f1_2061_2080"
"228","INM.CM5.0_pr_12_ssp245_r1i1p1f1_2061_2080"
"229","INM.CM5.0_pr_01_ssp245_ensembleMean_2081_2100"
"230","INM.CM5.0_pr_02_ssp245_ensembleMean_2081_2100"
"231","INM.CM5.0_pr_03_ssp245_ensembleMean_2081_2100"
"232","INM.CM5.0_pr_04_ssp245_ensembleMean_2081_2100"
"233","INM.CM5.0_pr_05_ssp245_ensembleMean_2081_2100"
"234","INM.CM5.0_pr_06_ssp245_ensembleMean_2081_2100"
"235","INM.CM5.0_pr_07_ssp245_ensembleMean_2081_2100"
"236","INM.CM5.0_pr_08_ssp245_ensembleMean_2081_2100"
"237","INM.CM5.0_pr_09_ssp245_ensembleMean_2081_2100"
"238","INM.CM5.0_pr_10_ssp245_ensembleMean_2081_2100"
"239","INM.CM5.0_pr_11_ssp245_ensembleMean_2081_2100"
"240","INM.CM5.0_pr_12_ssp245_ensembleMean_2081_2100"
"241","INM.CM5.0_pr_01_ssp245_r1i1p1f1_2081_2100"
"242","INM.CM5.0_pr_02_ssp245_r1i1p1f1_2081_2100"
"243","INM.CM5.0_pr_03_ssp245_r1i1p1f1_2081_2100"
"244","INM.CM5.0_pr_04_ssp245_r1i1p1f1_2081_2100"
"245","INM.CM5.0_pr_05_ssp245_r1i1p1f1_2081_2100"
"246","INM.CM5.0_pr_06_ssp245_r1i1p1f1_2081_2100"
"247","INM.CM5.0_pr_07_ssp245_r1i1p1f1_2081_2100"
"248","INM.CM5.0_pr_08_ssp245_r1i1p1f1_2081_2100"
"249","INM.CM5.0_pr_09_ssp245_r1i1p1f1_2081_2100"
"250","INM.CM5.0_pr_10_ssp245_r1i1p1f1_2081_2100"
"251","INM.CM5.0_pr_11_ssp245_r1i1p1f1_2081_2100"
"252","INM.CM5.0_pr_12_ssp245_r1i1p1f1_2081_2100"
"253","INM.CM5.0_pr_01_ssp370_ensembleMean_2001_2020"
"254","INM.CM5.0_pr_02_ssp370_ensembleMean_2001_2020"
"255","INM.CM5.0_pr_03_ssp370_ensembleMean_2001_2020"
"256","INM.CM5.0_pr_04_ssp370_ensembleMean_2001_2020"
"257","INM.CM5.0_pr_05_ssp370_ensembleMean_2001_2020"
"258","INM.CM5.0_pr_06_ssp370_ensembleMean_2001_2020"
"259","INM.CM5.0_pr_07_ssp370_ensembleMean_2001_2020"
"260","INM.CM5.0_pr_08_ssp370_ensembleMean_2001_2020"
"261","INM.CM5.0_pr_09_ssp370_ensembleMean_2001_2020"
"262","INM.CM5.0_pr_10_ssp370_ensembleMean_2001_2020"
"263","INM.CM5.0_pr_11_ssp370_ensembleMean_2001_2020"
"264","INM.CM5.0_pr_12_ssp370_ensembleMean_2001_2020"
"265","INM.CM5.0_pr_01_ssp370_r1i1p1f1_2001_2020"
"266","INM.CM5.0_pr_01_ssp370_r2i1p1f1_2001_2020"
"267","INM.CM5.0_pr_01_ssp370_r3i1p1f1_2001_2020"
"268","INM.CM5.0_pr_01_ssp370_r4i1p1f1_2001_2020"
"269","INM.CM5.0_pr_01_ssp370_r5i1p1f1_2001_2020"
"270","INM.CM5.0_pr_02_ssp370_r1i1p1f1_2001_2020"
"271","INM.CM5.0_pr_02_ssp370_r2i1p1f1_2001_2020"
"272","INM.CM5.0_pr_02_ssp370_r3i1p1f1_2001_2020"
"273","INM.CM5.0_pr_02_ssp370_r4i1p1f1_2001_2020"
"274","INM.CM5.0_pr_02_ssp370_r5i1p1f1_2001_2020"
"275","INM.CM5.0_pr_03_ssp370_r1i1p1f1_2001_2020"
"276","INM.CM5.0_pr_03_ssp370_r2i1p1f1_2001_2020"
"277","INM.CM5.0_pr_03_ssp370_r3i1p1f1_2001_2020"
"278","INM.CM5.0_pr_03_ssp370_r4i1p1f1_2001_2020"
"279","INM.CM5.0_pr_03_ssp370_r5i1p1f1_2001_2020"
"280","INM.CM5.0_pr_04_ssp370_r1i1p1f1_2001_2020"
"281","INM.CM5.0_pr_04_ssp370_r2i1p1f1_2001_2020"
"282","INM.CM5.0_pr_04_ssp370_r3i1p1f1_2001_2020"
"283","INM.CM5.0_pr_04_ssp370_r4i1p1f1_2001_2020"
"284","INM.CM5.0_pr_04_ssp370_r5i1p1f1_2001_2020"
"285","INM.CM5.0_pr_05_ssp370_r1i1p1f1_2001_2020"
"286","INM.CM5.0_pr_05_ssp370_r2i1p1f1_2001_2020"
"287","INM.CM5.0_pr_05_ssp370_r3i1p1f1_2001_2020"
"288","INM.CM5.0_pr_05_ssp370_r4i1p1f1_2001_2020"
"289","INM.CM5.0_pr_05_ssp370_r5i1p1f1_2001_2020"
"290","INM.CM5.0_pr_06_ssp370_r1i1p1f1_2001_2020"
"291","INM.CM5.0_pr_06_ssp370_r2i1p1f1_2001_2020"
"292","INM.CM5.0_pr_06_ssp370_r3i1p1f1_2001_2020"
"293","INM.CM5.0_pr_06_ssp370_r4i1p1f1_2001_2020"
"294","INM.CM5.0_pr_06_ssp370_r5i1p1f1_2001_2020"
"295","INM.CM5.0_pr_07_ssp370_r1i1p1f1_2001_2020"
"296","INM.CM5.0_pr_07_ssp370_r2i1p1f1_2001_2020"
"297","INM.CM5.0_pr_07_ssp370_r3i1p1f1_2001_2020"
"298","INM.CM5.0_pr_07_ssp370_r4i1p1f1_2001_2020"
"299","INM.CM5.0_pr_07_ssp370_r5i1p1f1_2001_2020"
"300","INM.CM5.0_pr_08_ssp370_r1i1p1f1_2001_2020"
"301","INM.CM5.0_pr_08_ssp370_r2i1p1f1_2001_2020"
"302","INM.CM5.0_pr_08_ssp370_r3i1p1f1_2001_2020"
"303","INM.CM5.0_pr_08_ssp370_r4i1p1f1_2001_2020"
"304","INM.CM5.0_pr_08_ssp370_r5i1p1f1_2001_2020"
"305","INM.CM5.0_pr_09_ssp370_r1i1p1f1_2001_2020"
"306","INM.CM5.0_pr_09_ssp370_r2i1p1f1_2001_2020"
"307","INM.CM5.0_pr_09_ssp370_r3i1p1f1_2001_2020"
"308","INM.CM5.0_pr_09_ssp370_r4i1p1f1_2001_2020"
"309","INM.CM5.0_pr_09_ssp370_r5i1p1f1_2001_2020"
"310","INM.CM5.0_pr_10_ssp370_r1i1p1f1_2001_2020"
"311","INM.CM5.0_pr_10_ssp370_r2i1p1f1_2001_2020"
"312","INM.CM5.0_pr_10_ssp370_r3i1p1f1_2001_2020"
"313","INM.CM5.0_pr_10_ssp370_r4i1p1f1_2001_2020"
"314","INM.CM5.0_pr_10_ssp370_r5i1p1f1_2001_2020"
"315","INM.CM5.0_pr_11_ssp370_r1i1p1f1_2001_2020"
"316","INM.CM5.0_pr_11_ssp370_r2i1p1f1_2001_2020"
"317","INM.CM5.0_pr_11_ssp370_r3i1p1f1_2001_2020"
"318","INM.CM5.0_pr_11_ssp370_r4i1p1f1_2001_2020"
"319","INM.CM5.0_pr_11_ssp370_r5i1p1f1_2001_2020"
"320","INM.CM5.0_pr_12_ssp370_r1i1p1f1_2001_2020"
"321","INM.CM5.0_pr_12_ssp370_r2i1p1f1_2001_2020"
"322","INM.CM5.0_pr_12_ssp370_r3i1p1f1_2001_2020"
"323","INM.CM5.0_pr_12_ssp370_r4i1p1f1_2001_2020"
"324","INM.CM5.0_pr_12_ssp370_r5i1p1f1_2001_2020"
"325","INM.CM5.0_pr_01_ssp370_ensembleMean_2021_2040"
"326","INM.CM5.0_pr_02_ssp370_ensembleMean_2021_2040"
"327","INM.CM5.0_pr_03_ssp370_ensembleMean_2021_2040"
"328","INM.CM5.0_pr_04_ssp370_ensembleMean_2021_2040"
"329","INM.CM5.0_pr_05_ssp370_ensembleMean_2021_2040"
"330","INM.CM5.0_pr_06_ssp370_ensembleMean_2021_2040"
"331","INM.CM5.0_pr_07_ssp370_ensembleMean_2021_2040"
"332","INM.CM5.0_pr_08_ssp370_ensembleMean_2021_2040"
"333","INM.CM5.0_pr_09_ssp370_ensembleMean_2021_2040"
"334","INM.CM5.0_pr_10_ssp370_ensembleMean_2021_2040"
"335","INM.CM5.0_pr_11_ssp370_ensembleMean_2021_2040"
"336","INM.CM5.0_pr_12_ssp370_ensembleMean_2021_2040"
"337","INM.CM5.0_pr_01_ssp370_r1i1p1f1_2021_2040"
"338","INM.CM5.0_pr_01_ssp370_r2i1p1f1_2021_2040"
"339","INM.CM5.0_pr_01_ssp370_r3i1p1f1_2021_2040"
"340","INM.CM5.0_pr_01_ssp370_r4i1p1f1_2021_2040"
"341","INM.CM5.0_pr_01_ssp370_r5i1p1f1_2021_2040"
"342","INM.CM5.0_pr_02_ssp370_r1i1p1f1_2021_2040"
"343","INM.CM5.0_pr_02_ssp370_r2i1p1f1_2021_2040"
"344","INM.CM5.0_pr_02_ssp370_r3i1p1f1_2021_2040"
"345","INM.CM5.0_pr_02_ssp370_r4i1p1f1_2021_2040"
"346","INM.CM5.0_pr_02_ssp370_r5i1p1f1_2021_2040"
"347","INM.CM5.0_pr_03_ssp370_r1i1p1f1_2021_2040"
"348","INM.CM5.0_pr_03_ssp370_r2i1p1f1_2021_2040"
"349","INM.CM5.0_pr_03_ssp370_r3i1p1f1_2021_2040"
"350","INM.CM5.0_pr_03_ssp370_r4i1p1f1_2021_2040"
"351","INM.CM5.0_pr_03_ssp370_r5i1p1f1_2021_2040"
"352","INM.CM5.0_pr_04_ssp370_r1i1p1f1_2021_2040"
"353","INM.CM5.0_pr_04_ssp370_r2i1p1f1_2021_2040"
"354","INM.CM5.0_pr_04_ssp370_r3i1p1f1_2021_2040"
"355","INM.CM5.0_pr_04_ssp370_r4i1p1f1_2021_2040"
"356","INM.CM5.0_pr_04_ssp370_r5i1p1f1_2021_2040"
"357","INM.CM5.0_pr_05_ssp370_r1i1p1f1_2021_2040"
"358","INM.CM5.0_pr_05_ssp370_r2i1p1f1_2021_2040"
"359","INM.CM5.0_pr_05_ssp370_r3i1p1f1_2021_2040"
"360","INM.CM5.0_pr_05_ssp370_r4i1p1f1_2021_2040"
"361","INM.CM5.0_pr_05_ssp370_r5i1p1f1_2021_2040"
"362","INM.CM5.0_pr_06_ssp370_r1i1p1f1_2021_2040"
"363","INM.CM5.0_pr_06_ssp370_r2i1p1f1_2021_2040"
"364","INM.CM5.0_pr_06_ssp370_r3i1p1f1_2021_2040"
"365","INM.CM5.0_pr_06_ssp370_r4i1p1f1_2021_2040"
"366","INM.CM5.0_pr_06_ssp370_r5i1p1f1_2021_2040"
"367","INM.CM5.0_pr_07_ssp370_r1i1p1f1_2021_2040"
"368","INM.CM5.0_pr_07_ssp370_r2i1p1f1_2021_2040"
"369","INM.CM5.0_pr_07_ssp370_r3i1p1f1_2021_2040"
"370","INM.CM5.0_pr_07_ssp370_r4i1p1f1_2021_2040"
"371","INM.CM5.0_pr_07_ssp370_r5i1p1f1_2021_2040"
"372","INM.CM5.0_pr_08_ssp370_r1i1p1f1_2021_2040"
"373","INM.CM5.0_pr_08_ssp370_r2i1p1f1_2021_2040"
"374","INM.CM5.0_pr_08_ssp370_r3i1p1f1_2021_2040"
"375","INM.CM5.0_pr_08_ssp370_r4i1p1f1_2021_2040"
"376","INM.CM5.0_pr_08_ssp370_r5i1p1f1_2021_2040"
"377","INM.CM5.0_pr_09_ssp370_r1i1p1f1_2021_2040"
"378","INM.CM5.0_pr_09_ssp370_r2i1p1f1_2021_2040"
"379","INM.CM5.0_pr_09_ssp370_r3i1p1f1_2021_2040"
"380","INM.CM5.0_pr_09_ssp370_r4i1p1f1_2021_2040"
"381","INM.CM5.0_pr_09_ssp370_r5i1p1f1_2021_2040"
"382","INM.CM5.0_pr_10_ssp370_r1i1p1f1_2021_2040"
"383","INM.CM5.0_pr_10_ssp370_r2i1p1f1_2021_2040"
"384","INM.CM5.0_pr_10_ssp370_r3i1p1f1_2021_2040"
"385","INM.CM5.0_pr_10_ssp370_r4i1p1f1_2021_2040"
"386","INM.CM5.0_pr_10_ssp370_r5i1p1f1_2021_2040"
"387","INM.CM5.0_pr_11_ssp370_r1i1p1f1_2021_2040"
"388","INM.CM5.0_pr_11_ssp370_r2i1p1f1_2021_2040"
"389","INM.CM5.0_pr_11_ssp370_r3i1p1f1_2021_2040"
"390","INM.CM5.0_pr_11_ssp370_r4i1p1f1_2021_2040"
"391","INM.CM5.0_pr_11_ssp370_r5i1p1f1_2021_2040"
"392","INM.CM5.0_pr_12_ssp370_r1i1p1f1_2021_2040"
"393","INM.CM5.0_pr_12_ssp370_r2i1p1f1_2021_2040"
"394","INM.CM5.0_pr_12_ssp370_r3i1p1f1_2021_2040"
"395","INM.CM5.0_pr_12_ssp370_r4i1p1f1_2021_2040"
"396","INM.CM5.0_pr_12_ssp370_r5i1p1f1_2021_2040"
"397","INM.CM5.0_pr_01_ssp370_ensembleMean_2041_2060"
"398","INM.CM5.0_pr_02_ssp370_ensembleMean_2041_2060"
"399","INM.CM5.0_pr_03_ssp370_ensembleMean_2041_2060"
"400","INM.CM5.0_pr_04_ssp370_ensembleMean_2041_2060"
"401","INM.CM5.0_pr_05_ssp370_ensembleMean_2041_2060"
"402","INM.CM5.0_pr_06_ssp370_ensembleMean_2041_2060"
"403","INM.CM5.0_pr_07_ssp370_ensembleMean_2041_2060"
"404","INM.CM5.0_pr_08_ssp370_ensembleMean_2041_2060"
"405","INM.CM5.0_pr_09_ssp370_ensembleMean_2041_2060"
"406","INM.CM5.0_pr_10_ssp370_ensembleMean_2041_2060"
"407","INM.CM5.0_pr_11_ssp370_ensembleMean_2041_2060"
"408","INM.CM5.0_pr_12_ssp370_ensembleMean_2041_2060"
"409","INM.CM5.0_pr_01_ssp370_r1i1p1f1_2041_2060"
"410","INM.CM5.0_pr_01_ssp370_r2i1p1f1_2041_2060"
"411","INM.CM5.0_pr_01_ssp370_r3i1p1f1_2041_2060"
"412","INM.CM5.0_pr_01_ssp370_r4i1p1f1_2041_2060"
"413","INM.CM5.0_pr_01_ssp370_r5i1p1f1_2041_2060"
"414","INM.CM5.0_pr_02_ssp370_r1i1p1f1_2041_2060"
"415","INM.CM5.0_pr_02_ssp370_r2i1p1f1_2041_2060"
"416","INM.CM5.0_pr_02_ssp370_r3i1p1f1_2041_2060"
"417","INM.CM5.0_pr_02_ssp370_r4i1p1f1_2041_2060"
"418","INM.CM5.0_pr_02_ssp370_r5i1p1f1_2041_2060"
"419","INM.CM5.0_pr_03_ssp370_r1i1p1f1_2041_2060"
"420","INM.CM5.0_pr_03_ssp370_r2i1p1f1_2041_2060"
"421","INM.CM5.0_pr_03_ssp370_r3i1p1f1_2041_2060"
"422","INM.CM5.0_pr_03_ssp370_r4i1p1f1_2041_2060"
"423","INM.CM5.0_pr_03_ssp370_r5i1p1f1_2041_2060"
"424","INM.CM5.0_pr_04_ssp370_r1i1p1f1_2041_2060"
"425","INM.CM5.0_pr_04_ssp370_r2i1p1f1_2041_2060"
"426","INM.CM5.0_pr_04_ssp370_r3i1p1f1_2041_2060"
"427","INM.CM5.0_pr_04_ssp370_r4i1p1f1_2041_2060"
"428","INM.CM5.0_pr_04_ssp370_r5i1p1f1_2041_2060"
"429","INM.CM5.0_pr_05_ssp370_r1i1p1f1_2041_2060"
"430","INM.CM5.0_pr_05_ssp370_r2i1p1f1_2041_2060"
"431","INM.CM5.0_pr_05_ssp370_r3i1p1f1_2041_2060"
"432","INM.CM5.0_pr_05_ssp370_r4i1p1f1_2041_2060"
"433","INM.CM5.0_pr_05_ssp370_r5i1p1f1_2041_2060"
"434","INM.CM5.0_pr_06_ssp370_r1i1p1f1_2041_2060"
"435","INM.CM5.0_pr_06_ssp370_r2i1p1f1_2041_2060"
"436","INM.CM5.0_pr_06_ssp370_r3i1p1f1_2041_2060"
"437","INM.CM5.0_pr_06_ssp370_r4i1p1f1_2041_2060"
"438","INM.CM5.0_pr_06_ssp370_r5i1p1f1_2041_2060"
"439","INM.CM5.0_pr_07_ssp370_r1i1p1f1_2041_2060"
"440","INM.CM5.0_pr_07_ssp370_r2i1p1f1_2041_2060"
"441","INM.CM5.0_pr_07_ssp370_r3i1p1f1_2041_2060"
"442","INM.CM5.0_pr_07_ssp370_r4i1p1f1_2041_2060"
"443","INM.CM5.0_pr_07_ssp370_r5i1p1f1_2041_2060"
"444","INM.CM5.0_pr_08_ssp370_r1i1p1f1_2041_2060"
"445","INM.CM5.0_pr_08_ssp370_r2i1p1f1_2041_2060"
"446","INM.CM5.0_pr_08_ssp370_r3i1p1f1_2041_2060"
"447","INM.CM5.0_pr_08_ssp370_r4i1p1f1_2041_2060"
"448","INM.CM5.0_pr_08_ssp370_r5i1p1f1_2041_2060"
"449","INM.CM5.0_pr_09_ssp370_r1i1p1f1_2041_2060"
"450","INM.CM5.0_pr_09_ssp370_r2i1p1f1_2041_2060"
"451","INM.CM5.0_pr_09_ssp370_r3i1p1f1_2041_2060"
"452","INM.CM5.0_pr_09_ssp370_r4i1p1f1_2041_2060"
"453","INM.CM5.0_pr_09_ssp370_r5i1p1f1_2041_2060"
"454","INM.CM5.0_pr_10_ssp370_r1i1p1f1_2041_2060"
"455","INM.CM5.0_pr_10_ssp370_r2i1p1f1_2041_2060"
"456","INM.CM5.0_pr_10_ssp370_r3i1p1f1_2041_2060"
"457","INM.CM5.0_pr_10_ssp370_r4i1p1f1_2041_2060"
"458","INM.CM5.0_pr_10_ssp370_r5i1p1f1_2041_2060"
"459","INM.CM5.0_pr_11_ssp370_r1i1p1f1_2041_2060"
"460","INM.CM5.0_pr_11_ssp370_r2i1p1f1_2041_2060"
"461","INM.CM5.0_pr_11_ssp370_r3i1p1f1_2041_2060"
"462","INM.CM5.0_pr_11_ssp370_r4i1p1f1_2041_2060"
"463","INM.CM5.0_pr_11_ssp370_r5i1p1f1_2041_2060"
"464","INM.CM5.0_pr_12_ssp370_r1i1p1f1_2041_2060"
"465","INM.CM5.0_pr_12_ssp370_r2i1p1f1_2041_2060"
"466","INM.CM5.0_pr_12_ssp370_r3i1p1f1_2041_2060"
"467","INM.CM5.0_pr_12_ssp370_r4i1p1f1_2041_2060"
"468","INM.CM5.0_pr_12_ssp370_r5i1p1f1_2041_2060"
"469","INM.CM5.0_pr_01_ssp370_ensembleMean_2061_2080"
"470","INM.CM5.0_pr_02_ssp370_ensembleMean_2061_2080"
"471","INM.CM5.0_pr_03_ssp370_ensembleMean_2061_2080"
"472","INM.CM5.0_pr_04_ssp370_ensembleMean_2061_2080"
"473","INM.CM5.0_pr_05_ssp370_ensembleMean_2061_2080"
"474","INM.CM5.0_pr_06_ssp370_ensembleMean_2061_2080"
"475","INM.CM5.0_pr_07_ssp370_ensembleMean_2061_2080"
"476","INM.CM5.0_pr_08_ssp370_ensembleMean_2061_2080"
"477","INM.CM5.0_pr_09_ssp370_ensembleMean_2061_2080"
"478","INM.CM5.0_pr_10_ssp370_ensembleMean_2061_2080"
"479","INM.CM5.0_pr_11_ssp370_ensembleMean_2061_2080"
"480","INM.CM5.0_pr_12_ssp370_ensembleMean_2061_2080"
"481","INM.CM5.0_pr_01_ssp370_r1i1p1f1_2061_2080"
"482","INM.CM5.0_pr_01_ssp370_r2i1p1f1_2061_2080"
"483","INM.CM5.0_pr_01_ssp370_r3i1p1f1_2061_2080"
"484","INM.CM5.0_pr_01_ssp370_r4i1p1f1_2061_2080"
"485","INM.CM5.0_pr_01_ssp370_r5i1p1f1_2061_2080"
"486","INM.CM5.0_pr_02_ssp370_r1i1p1f1_2061_2080"
"487","INM.CM5.0_pr_02_ssp370_r2i1p1f1_2061_2080"
"488","INM.CM5.0_pr_02_ssp370_r3i1p1f1_2061_2080"
"489","INM.CM5.0_pr_02_ssp370_r4i1p1f1_2061_2080"
"490","INM.CM5.0_pr_02_ssp370_r5i1p1f1_2061_2080"
"491","INM.CM5.0_pr_03_ssp370_r1i1p1f1_2061_2080"
"492","INM.CM5.0_pr_03_ssp370_r2i1p1f1_2061_2080"
"493","INM.CM5.0_pr_03_ssp370_r3i1p1f1_2061_2080"
"494","INM.CM5.0_pr_03_ssp370_r4i1p1f1_2061_2080"
"495","INM.CM5.0_pr_03_ssp370_r5i1p1f1_2061_2080"
"496","INM.CM5.0_pr_04_ssp370_r1i1p1f1_2061_2080"
"497","INM.CM5.0_pr_04_ssp370_r2i1p1f1_2061_2080"
"498","INM.CM5.0_pr_04_ssp370_r3i1p1f1_2061_2080"
"499","INM.CM5.0_pr_04_ssp370_r4i1p1f1_2061_2080"
"500","INM.CM5.0_pr_04_ssp370_r5i1p1f1_2061_2080"
"501","INM.CM5.0_pr_05_ssp370_r1i1p1f1_2061_2080"
"502","INM.CM5.0_pr_05_ssp370_r2i1p1f1_2061_2080"
"503","INM.CM5.0_pr_05_ssp370_r3i1p1f1_2061_2080"
"504","INM.CM5.0_pr_05_ssp370_r4i1p1f1_2061_2080"
"505","INM.CM5.0_pr_05_ssp370_r5i1p1f1_2061_2080"
"506","INM.CM5.0_pr_06_ssp370_r1i1p1f1_2061_2080"
"507","INM.CM5.0_pr_06_ssp370_r2i1p1f1_2061_2080"
"508","INM.CM5.0_pr_06_ssp370_r3i1p1f1_2061_2080"
"509","INM.CM5.0_pr_06_ssp370_r4i1p1f1_2061_2080"
"510","INM.CM5.0_pr_06_ssp370_r5i1p1f1_2061_2080"
"511","INM.CM5.0_pr_07_ssp370_r1i1p1f1_2061_2080"
"512","INM.CM5.0_pr_07_ssp370_r2i1p1f1_2061_2080"
"513","INM.CM5.0_pr_07_ssp370_r3i1p1f1_2061_2080"
"514","INM.CM5.0_pr_07_ssp370_r4i1p1f1_2061_2080"
"515","INM.CM5.0_pr_07_ssp370_r5i1p1f1_2061_2080"
"516","INM.CM5.0_pr_08_ssp370_r1i1p1f1_2061_2080"
"517","INM.CM5.0_pr_08_ssp370_r2i1p1f1_2061_2080"
"518","INM.CM5.0_pr_08_ssp370_r3i1p1f1_2061_2080"
"519","INM.CM5.0_pr_08_ssp370_r4i1p1f1_2061_2080"
"520","INM.CM5.0_pr_08_ssp370_r5i1p1f1_2061_2080"
"521","INM.CM5.0_pr_09_ssp370_r1i1p1f1_2061_2080"
"522","INM.CM5.0_pr_09_ssp370_r2i1p1f1_2061_2080"
"523","INM.CM5.0_pr_09_ssp370_r3i1p1f1_2061_2080"
"524","INM.CM5.0_pr_09_ssp370_r4i1p1f1_2061_2080"
"525","INM.CM5.0_pr_09_ssp370_r5i1p1f1_2061_2080"
"526","INM.CM5.0_pr_10_ssp370_r1i1p1f1_2061_2080"
"527","INM.CM5.0_pr_10_ssp370_r2i1p1f1_2061_2080"
"528","INM.CM5.0_pr_10_ssp370_r3i1p1f1_2061_2080"
"529","INM.CM5.0_pr_10_ssp370_r4i1p1f1_2061_2080"
"530","INM.CM5.0_pr_10_ssp370_r5i1p1f1_2061_2080"
"531","INM.CM5.0_pr_11_ssp370_r1i1p1f1_2061_2080"
"532","INM.CM5.0_pr_11_ssp370_r2i1p1f1_2061_2080"
"533","INM.CM5.0_pr_11_ssp370_r3i1p1f1_2061_2080"
"534","INM.CM5.0_pr_11_ssp370_r4i1p1f1_2061_2080"
"535","INM.CM5.0_pr_11_ssp370_r5i1p1f1_2061_2080"
"536","INM.CM5.0_pr_12_ssp370_r1i1p1f1_2061_2080"
"537","INM.CM5.0_pr_12_ssp370_r2i1p1f1_2061_2080"
"538","INM.CM5.0_pr_12_ssp370_r3i1p1f1_2061_2080"
"539","INM.CM5.0_pr_12_ssp370_r4i1p1f1_2061_2080"
"540","INM.CM5.0_pr_12_ssp370_r5i1p1f1_2061_2080"
"541","INM.CM5.0_pr_01_ssp370_ensembleMean_2081_2100"
"542","INM.CM5.0_pr_02_ssp370_ensembleMean_2081_2100"
"543","INM.CM5.0_pr_03_ssp370_ensembleMean_2081_2100"
"544","INM.CM5.0_pr_04_ssp370_ensembleMean_2081_2100"
"545","INM.CM5.0_pr_05_ssp370_ensembleMean_2081_2100"
"546","INM.CM5.0_pr_06_ssp370_ensembleMean_2081_2100"
"547","INM.CM5.0_pr_07_ssp370_ensembleMean_2081_2100"
"548","INM.CM5.0_pr_08_ssp370_ensembleMean_2081_2100"
"549","INM.CM5.0_pr_09_ssp370_ensembleMean_2081_2100"
"550","INM.CM5.0_pr_10_ssp370_ensembleMean_2081_2100"
"551","INM.CM5.0_pr_11_ssp370_ensembleMean_2081_2100"
"552","INM.CM5.0_pr_12_ssp370_ensembleMean_2081_2100"
"553","INM.CM5.0_pr_01_ssp370_r1i1p1f1_2081_2100"
"554","INM.CM5.0_pr_01_ssp370_r2i1p1f1_2081_2100"
"555","INM.CM5.0_pr_01_ssp370_r3i1p1f1_2081_2100"
"556","INM.CM5.0_pr_01_ssp370_r4i1p1f1_2081_2100"
"557","INM.CM5.0_pr_01_ssp370_r5i1p1f1_2081_2100"
"558","INM.CM5.0_pr_02_ssp370_r1i1p1f1_2081_2100"
"559","INM.CM5.0_pr_02_ssp370_r2i1p1f1_2081_2100"
"560","INM.CM5.0_pr_02_ssp370_r3i1p1f1_2081_2100"
"561","INM.CM5.0_pr_02_ssp370_r4i1p1f1_2081_2100"
"562","INM.CM5.0_pr_02_ssp370_r5i1p1f1_2081_2100"
"563","INM.CM5.0_pr_03_ssp370_r1i1p1f1_2081_2100"
"564","INM.CM5.0_pr_03_ssp370_r2i1p1f1_2081_2100"
"565","INM.CM5.0_pr_03_ssp370_r3i1p1f1_2081_2100"
"566","INM.CM5.0_pr_03_ssp370_r4i1p1f1_2081_2100"
"567","INM.CM5.0_pr_03_ssp370_r5i1p1f1_2081_2100"
"568","INM.CM5.0_pr_04_ssp370_r1i1p1f1_2081_2100"
"569","INM.CM5.0_pr_04_ssp370_r2i1p1f1_2081_2100"
"570","INM.CM5.0_pr_04_ssp370_r3i1p1f1_2081_2100"
"571","INM.CM5.0_pr_04_ssp370_r4i1p1f1_2081_2100"
"572","INM.CM5.0_pr_04_ssp370_r5i1p1f1_2081_2100"
"573","INM.CM5.0_pr_05_ssp370_r1i1p1f1_2081_2100"
"574","INM.CM5.0_pr_05_ssp370_r2i1p1f1_2081_2100"
"575","INM.CM5.0_pr_05_ssp370_r3i1p1f1_2081_2100"
"576","INM.CM5.0_pr_05_ssp370_r4i1p1f1_2081_2100"
"577","INM.CM5.0_pr_05_ssp370_r5i1p1f1_2081_2100"
"578","INM.CM5.0_pr_06_ssp370_r1i1p1f1_2081_2100"
"579","INM.CM5.0_pr_06_ssp370_r2i1p1f1_2081_2100"
"580","INM.CM5.0_pr_06_ssp370_r3i1p1f1_2081_2100"
"581","INM.CM5.0_pr_06_ssp370_r4i1p1f1_2081_2100"
"582","INM.CM5.0_pr_06_ssp370_r5i1p1f1_2081_2100"
"583","INM.CM5.0_pr_07_ssp370_r1i1p1f1_2081_2100"
"584","INM.CM5.0_pr_07_ssp370_r2i1p1f1_2081_2100"
"585","INM.CM5.0_pr_07_ssp370_r3i1p1f1_2081_2100"
"586","INM.CM5.0_pr_07_ssp370_r4i1p1f1_2081_2100"
"587","INM.CM5.0_pr_07_ssp370_r5i1p1f1_2081_2100"
"588","INM.CM5.0_pr_08_ssp370_r1i1p1f1_2081_2100"
"589","INM.CM5.0_pr_08_ssp370_r2i1p1f1_2081_2100"
"590","INM.CM5.0_pr_08_ssp370_r3i1p1f1_2081_2100"
"591","INM.CM5.0_pr_08_ssp370_r4i1p1f1_2081_2100"
"592","INM.CM5.0_pr_08_ssp370_r5i1p1f1_2081_2100"
"593","INM.CM5.0_pr_09_ssp370_r1i1p1f1_2081_2100"
"594","INM.CM5.0_pr_09_ssp370_r2i1p1f1_2081_2100"
"595","INM.CM5.0_pr_09_ssp370_r3i1p1f1_2081_2100"
"596","INM.CM5.0_pr_09_ssp370_r4i1p1f1_2081_2100"
"597","INM.CM5.0_pr_09_ssp370_r5i1p1f1_2081_2100"
"598","INM.CM5.0_pr_10_ssp370_r1i1p1f1_2081_2100"
"599","INM.CM5.0_pr_10_ssp370_r2i1p1f1_2081_2100"
"600","INM.CM5.0_pr_10_ssp370_r3i1p1f1_2081_2100"
"601","INM.CM5.0_pr_10_ssp370_r4i1p1f1_2081_2100"
"602","INM.CM5.0_pr_10_ssp370_r5i1p1f1_2081_2100"
"603","INM.CM5.0_pr_11_ssp370_r1i1p1f1_2081_2100"
"604","INM.CM5.0_pr_11_ssp370_r2i1p1f1_2081_2100"
"605","INM.CM5.0_pr_11_ssp370_r3i1p1f1_2081_2100"
"606","INM.CM5.0_pr_11_ssp370_r4i1p1f1_2081_2100"
"607","INM.CM5.0_pr_11_ssp370_r5i1p1f1_2081_2100"
"608","INM.CM5.0_pr_12_ssp370_r1i1p1f1_2081_2100"
"609","INM.CM5.0_pr_12_ssp370_r2i1p1f1_2081_2100"
"610","INM.CM5.0_pr_12_ssp370_r3i1p1f1_2081_2100"
"611","INM.CM5.0_pr_12_ssp370_r4i1p1f1_2081_2100"
"612","INM.CM5.0_pr_12_ssp370_r5i1p1f1_2081_2100"
"613","INM.CM5.0_pr_01_ssp585_ensembleMean_2001_2020"
"614","INM.CM5.0_pr_02_ssp585_ensembleMean_2001_2020"
"615","INM.CM5.0_pr_03_ssp585_ensembleMean_2001_2020"
"616","INM.CM5.0_pr_04_ssp585_ensembleMean_2001_2020"
"617","INM.CM5.0_pr_05_ssp585_ensembleMean_2001_2020"
"618","INM.CM5.0_pr_06_ssp585_ensembleMean_2001_2020"
"619","INM.CM5.0_pr_07_ssp585_ensembleMean_2001_2020"
"620","INM.CM5.0_pr_08_ssp585_ensembleMean_2001_2020"
"621","INM.CM5.0_pr_09_ssp585_ensembleMean_2001_2020"
"622","INM.CM5.0_pr_10_ssp585_ensembleMean_2001_2020"
"623","INM.CM5.0_pr_11_ssp585_ensembleMean_2001_2020"
"624","INM.CM5.0_pr_12_ssp585_ensembleMean_2001_2020"
"625","INM.CM5.0_pr_01_ssp585_r1i1p1f1_2001_2020"
"626","INM.CM5.0_pr_02_ssp585_r1i1p1f1_2001_2020"
"627","INM.CM5.0_pr_03_ssp585_r1i1p1f1_2001_2020"
"628","INM.CM5.0_pr_04_ssp585_r1i1p1f1_2001_2020"
"629","INM.CM5.0_pr_05_ssp585_r1i1p1f1_2001_2020"
"630","INM.CM5.0_pr_06_ssp585_r1i1p1f1_2001_2020"
"631","INM.CM5.0_pr_07_ssp585_r1i1p1f1_2001_2020"
"632","INM.CM5.0_pr_08_ssp585_r1i1p1f1_2001_2020"
"633","INM.CM5.0_pr_09_ssp585_r1i1p1f1_2001_2020"
"634","INM.CM5.0_pr_10_ssp585_r1i1p1f1_2001_2020"
"635","INM.CM5.0_pr_11_ssp585_r1i1p1f1_2001_2020"
"636","INM.CM5.0_pr_12_ssp585_r1i1p1f1_2001_2020"
"637","INM.CM5.0_pr_01_ssp585_ensembleMean_2021_2040"
"638","INM.CM5.0_pr_02_ssp585_ensembleMean_2021_2040"
"639","INM.CM5.0_pr_03_ssp585_ensembleMean_2021_2040"
"640","INM.CM5.0_pr_04_ssp585_ensembleMean_2021_2040"
"641","INM.CM5.0_pr_05_ssp585_ensembleMean_2021_2040"
"642","INM.CM5.0_pr_06_ssp585_ensembleMean_2021_2040"
"643","INM.CM5.0_pr_07_ssp585_ensembleMean_2021_2040"
"644","INM.CM5.0_pr_08_ssp585_ensembleMean_2021_2040"
"645","INM.CM5.0_pr_09_ssp585_ensembleMean_2021_2040"
"646","INM.CM5.0_pr_10_ssp585_ensembleMean_2021_2040"
"647","INM.CM5.0_pr_11_ssp585_ensembleMean_2021_2040"
"648","INM.CM5.0_pr_12_ssp585_ensembleMean_2021_2040"
"649","INM.CM5.0_pr_01_ssp585_r1i1p1f1_2021_2040"
"650","INM.CM5.0_pr_02_ssp585_r1i1p1f1_2021_2040"
"651","INM.CM5.0_pr_03_ssp585_r1i1p1f1_2021_2040"
"652","INM.CM5.0_pr_04_ssp585_r1i1p1f1_2021_2040"
"653","INM.CM5.0_pr_05_ssp585_r1i1p1f1_2021_2040"
"654","INM.CM5.0_pr_06_ssp585_r1i1p1f1_2021_2040"
"655","INM.CM5.0_pr_07_ssp585_r1i1p1f1_2021_2040"
"656","INM.CM5.0_pr_08_ssp585_r1i1p1f1_2021_2040"
"657","INM.CM5.0_pr_09_ssp585_r1i1p1f1_2021_2040"
"658","INM.CM5.0_pr_10_ssp585_r1i1p1f1_2021_2040"
"659","INM.CM5.0_pr_11_ssp585_r1i1p1f1_2021_2040"
"660","INM.CM5.0_pr_12_ssp585_r1i1p1f1_2021_2040"
"661","INM.CM5.0_pr_01_ssp585_ensembleMean_2041_2060"
"662","INM.CM5.0_pr_02_ssp585_ensembleMean_2041_2060"
"663","INM.CM5.0_pr_03_ssp585_ensembleMean_2041_2060"
"664","INM.CM5.0_pr_04_ssp585_ensembleMean_2041_2060"
"665","INM.CM5.0_pr_05_ssp585_ensembleMean_2041_2060"
"666","INM.CM5.0_pr_06_ssp585_ensembleMean_2041_2060"
"667","INM.CM5.0_pr_07_ssp585_ensembleMean_2041_2060"
"668","INM.CM5.0_pr_08_ssp585_ensembleMean_2041_2060"
"669","INM.CM5.0_pr_09_ssp585_ensembleMean_2041_2060"
"670","INM.CM5.0_pr_10_ssp585_ensembleMean_2041_2060"
"671","INM.CM5.0_pr_11_ssp585_ensembleMean_2041_2060"
"672","INM.CM5.0_pr_12_ssp585_ensembleMean_2041_2060"
"673","INM.CM5.0_pr_01_ssp585_r1i1p1f1_2041_2060"
"674","INM.CM5.0_pr_02_ssp585_r1i1p1f1_2041_2060"
"675","INM.CM5.0_pr_03_ssp585_r1i1p1f1_2041_2060"
"676","INM.CM5.0_pr_04_ssp585_r1i1p1f1_2041_2060"
"677","INM.CM5.0_pr_05_ssp585_r1i1p1f1_2041_2060"
"678","INM.CM5.0_pr_06_ssp585_r1i1p1f1_2041_2060"
"679","INM.CM5.0_pr_07_ssp585_r1i1p1f1_2041_2060"
"680","INM.CM5.0_pr_08_ssp585_r1i1p1f1_2041_2060"
"681","INM.CM5.0_pr_09_ssp585_r1i1p1f1_2041_2060"
"682","INM.CM5.0_pr_10_ssp585_r1i1p1f1_2041_2060"
"683","INM.CM5.0_pr_11_ssp585_r1i1p1f1_2041_2060"
"684","INM.CM5.0_pr_12_ssp585_r1i1p1f1_2041_2060"
"685","INM.CM5.0_pr_01_ssp585_ensembleMean_2061_2080"
"686","INM.CM5.0_pr_02_ssp585_ensembleMean_2061_2080"
"687","INM.CM5.0_pr_03_ssp585_ensembleMean_2061_2080"
"688","INM.CM5.0_pr_04_ssp585_ensembleMean_2061_2080"
"689","INM.CM5.0_pr_05_ssp585_ensembleMean_2061_2080"
"690","INM.CM5.0_pr_06_ssp585_ensembleMean_2061_2080"
"691","INM.CM5.0_pr_07_ssp585_ensembleMean_2061_2080"
"692","INM.CM5.0_pr_08_ssp585_ensembleMean_2061_2080"
"693","INM.CM5.0_pr_09_ssp585_ensembleMean_2061_2080"
"694","INM.CM5.0_pr_10_ssp585_ensembleMean_2061_2080"
"695","INM.CM5.0_pr_11_ssp585_ensembleMean_2061_2080"
"696","INM.CM5.0_pr_12_ssp585_ensembleMean_2061_2080"
"697","INM.CM5.0_pr_01_ssp585_r1i1p1f1_2061_2080"
"698","INM.CM5.0_pr_02_ssp585_r1i1p1f1_2061_2080"
"699","INM.CM5.0_pr_03_ssp585_r1i1p1f1_2061_2080"
"700","INM.CM5.0_pr_04_ssp585_r1i1p1f1_2061_2080"
"701","INM.CM5.0_pr_05_ssp585_r1i1p1f1_2061_2080"
"702","INM.CM5.0_pr_06_ssp585_r1i1p1f1_2061_2080"
"703","INM.CM5.0_pr_07_ssp585_r1i1p1f1_2061_2080"
"704","INM.CM5.0_pr_08_ssp585_r1i1p1f1_2061_2080"
"705","INM.CM5.0_pr_09_ssp585_r1i1p1f1_2061_2080"
"706","INM.CM5.0_pr_10_ssp585_r1i1p1f1_2061_2080"
"707","INM.CM5.0_pr_11_ssp585_r1i1p1f1_2061_2080"
"708","INM.CM5.0_pr_12_ssp585_r1i1p1f1_2061_2080"
"709","INM.CM5.0_pr_01_ssp585_ensembleMean_2081_2100"
"710","INM.CM5.0_pr_02_ssp585_ensembleMean_2081_2100"
"711","INM.CM5.0_pr_03_ssp585_ensembleMean_2081_2100"
"712","INM.CM5.0_pr_04_ssp585_ensembleMean_2081_2100"
"713","INM.CM5.0_pr_05_ssp585_ensembleMean_2081_2100"
"714","INM.CM5.0_pr_06_ssp585_ensembleMean_2081_2100"
"715","INM.CM5.0_pr_07_ssp585_ensembleMean_2081_2100"
"716","INM.CM5.0_pr_08_ssp585_ensembleMean_2081_2100"
"717","INM.CM5.0_pr_09_ssp585_ensembleMean_2081_2100"
"718","INM.CM5.0_pr_10_ssp585_ensembleMean_2081_2100"
"719","INM.CM5.0_pr_11_ssp585_ensembleMean_2081_2100"
"720","INM.CM5.0_pr_12_ssp585_ensembleMean_2081_2100"
"721","INM.CM5.0_pr_01_ssp585_r1i1p1f1_2081_2100"
"722","INM.CM5.0_pr_02_ssp585_r1i1p1f1_2081_2100"
"723","INM.CM5.0_pr_03_ssp585_r1i1p1f1_2081_2100"
"724","INM.CM5.0_pr_04_ssp585_r1i1p1f1_2081_2100"
"725","INM.CM5.0_pr_05_ssp585_r1i1p1f1_2081_2100"
"726","INM.CM5.0_pr_06_ssp585_r1i1p1f1_2081_2100"
"727","INM.CM5.0_pr_07_ssp585_r1i1p1f1_2081_2100"
"728","INM.CM5.0_pr_08_ssp585_r1i1p1f1_2081_2100"
"729","INM.CM5.0_pr_09_ssp585_r1i1p1f1_2081_2100"
"730","INM.CM5.0_pr_10_ssp585_r1i1p1f1_2081_2100"
"731","INM.CM5.0_pr_11_ssp585_r1i1p1f1_2081_2100"
"732","INM.CM5.0_pr_12_ssp585_r1i1p1f1_2081_2100"
